id,title,year_of_publication,authors,added_by,sensitive_data,resource_type,research_field,geographical_scope,countries,specific_topics,data_type,data_type_subs,stage_in_ds
1,Good practice principles for sharing individual participant data from publicly funded clinical trials,2015,Catrin Tudur Smith; Carolyn Hopkins; Matt Sydes; Kerry Woolfall; Mike Clarke; Gordon Murray; Paula Williamson,ECRIN_CM,Personal data; ,Other (background) material; ,Clinical research; ,National,United Kingdom; ,No specific topic; ,Data about or from living humans,Clinical research data; ,Not applicable
2,Sharing Clinical Trial Data — A Proposal from the International Committee of Medical Journal Editors,2016,Darren Taichman; Joyce Backus; Christopher Baethge; Howard Bauchner; Peter de Leeuw; Jeffrey Drazen; John Fletcher; Frank Frizelle; Trish Groves; Abraham Haileamlak; Astrid James; Christopher Laine; Larry Peiperi; Anja Pinborg; Peush Sahni; Sinan Wu,ECRIN_CM,Personal data; ,"Guidelines, recommendations and policies; ",Clinical research; ,Not applicable,Not applicable; ,No specific topic; ,Data about or from living humans,Clinical research data; ,Not applicable
3,"The National Drug Abuse Treatment Clinical Trials Network Data Share project: Website design, usage, challenges, and future directions",2013,Dikla Shmueli-Blumberg; Lian Hu; Colleen Allen; Michael Frasketi; Li-Tzy Wu; Paul VanVeldhuisen,ECRIN_CM,Personal data; ,Descriptions of (best) practice; ,Clinical research; ,National,United States; ,Data Repositories; ,Data about or from living humans,Clinical research data; ,Not applicable
4,The Yale Open Data Access (YODA) Project - A Mechanism for Data Sharing,2016,Harlan Krumholz; Joanne Waldstreicher,ECRIN_CM,Personal data; ,Descriptions of (best) practice; Support systems and tools; ,Clinical research; ,Not applicable,Not applicable; ,Data Repositories; ,Data about or from living humans,Clinical research data; ,Not applicable
5,Data Sharing from Clinical Trials — A Research Funder’s Perspective,2017,Robert Kiley; Tony Peatfield; Jennifer Hansen; Fiona Reddington,ECRIN_CM,Personal data; ,"Guidelines, recommendations and policies; ",Clinical research; ,Not applicable,Not applicable; ,No specific topic; ,Data about or from living humans,Clinical research data; ,Not applicable
6,"Discussion framework for clinical trial data Sharing: Guiding Principles, Elements, and Activities",2014,Committee on Strategies for Responsible Sharing of Clinical Trial Data; Board on Health Sciences Policy; Institute of Medicine,ECRIN_CM,Personal data; ,"Guidelines, recommendations and policies; ",Clinical research; ,Not applicable,Not applicable; ,No specific topic; ,Data about or from living humans,Clinical research data; ,Not applicable
7,Piloting the European Unified Patient Identity Management (EUPID) Concept to Facilitate Secondary Use of Neuroblastoma Data from Clinical Trials and Biobanking,2010,Hubert Ebner; Dieter Hayn; Markus Falgenhauer; Michael Nitzlnader; Gudrun Schleiermacher; Riccardo Haupt; Giovanni Erminio; Raffaella Defferrari; Katia Mazzocco; Jan Kohler; Paolo Tonini; Ruth Ladenstein; Guenter Schreier,ECRIN_CM,Personal data; ,Descriptions of (best) practice; ,Clinical research; Biomedical research; ,Continental,Europe; ,Privacy protection; ,Data about or from living humans,Real world or routine health data; Clinical research data; Biobank and sample data; ,Not applicable
8,Data Authorship as an Incentive to Data Sharing,2017,Barbara E Bierer,ECRIN_CM,Personal data; ,"Guidelines, recommendations and policies; ",Any research field; ,Not applicable,Not applicable; ,Attribution and credit; ,Data about or from living humans,Any type of data; ,Not applicable
9,"Declaration of Taipei - Research on Health Databases, Big Data and Biobank",2020,World Medical Association,ECRIN_CM,Personal data; ,"Guidelines, recommendations and policies; ",Clinical research; Biomedical research; ,Global,Worldwide; ,No specific topic; ,Data about or from living humans,Real world or routine health data; Clinical research data; Biobank and sample data; ,Not applicable
10,Joint Declaration of Data Citation Principles - FINAL,2014,FORCE 11,ECRIN_CM,Personal data; Environmental data; Proprietary  data; DURC data; Classified information; Other sensitive data; ,"Guidelines, recommendations and policies; ",Any research field; ,Not applicable,Not applicable; ,Attribution and credit; ,Data about or from living humans,Any type of data; ,Not applicable
11,Legal and ethical framework for global health information and biospecimen exchange - an international perspective,2020,Lara Bernasconi; Selçuk Şen; Luca Angerame; Apolo P. Balyegisawa; Damien Hong Yew Hui; Maximilian Hotter; Chung Y. Hsu; Tatsuya Ito; Francisca Jörger; Wolfgang Krassnitzer; Adam T. Phillips; Rui Li; Louise Stockley; Fabian Tay; Charlotte von Heijne Widlund; Ming Wan; Creany Wong; Henry Yau; Thomas F. Hiemstra; Yagiz Uresin; Gabriela Senti,ECRIN_CM,Personal data; ,"Guidelines, recommendations and policies; ",Clinical research; Biomedical research; ,Global,Worldwide; ,Legal basis for data sharing; ,Data about or from living humans,Real world or routine health data; Clinical research data; Biobank and sample data; Data with images of humans; ,Not applicable
12,The risk of re-identification versus the need to identify individuals in rare disease research,2016,Mats G Hansson; Hanns Lochmüller; Olaf Riess; Franz Schaefer; Michael Orth; Yaffa Rubinstein; Caron Molster; Hugh Dawkins; Domenica Taruscio; Manuel Posada; Simon Woods,ECRIN_CM,Personal data; ,Other (background) material; ,Clinical research; Biomedical research; ,Not applicable,Not applicable; ,Privacy protection; ,Data about or from living humans,Real world or routine health data; Clinical research data; Biobank and sample data; ,Not applicable
13,Views of Ethical Best Practices in Sharing Individual-Level Data From Medical and Public Health Research: A Systematic Scoping Review,2015,Susan Bull; Nia Roberts; Michael Parker,ECRIN_CM,Personal data; ,Other (background) material; ,"Clinical research; Biomedical research; Social sciences, legal or ethical research; ",Global,Worldwide; ,No specific topic; ,Data about or from living humans,Any type of data; ,Not applicable
14,Policy Statement on Data Sharing by the World Health Organization in the Context of Public Health Emergencies,2016,World Health Organisation,ECRIN_CM,Personal data; ,"Guidelines, recommendations and policies; ",Clinical research; Biomedical research; ,Global,Worldwide; ,No specific topic; ,Data about or from living humans,Real world or routine health data; Clinical research data; Biobank and sample data; ,Not applicable
15,Towards a comprehensive and interoperable representation of consent-based data usage permissions in the German medical informatics initiative,2020,Raffael Bild; Martin Bialke; Karoline Buckow; Thomas Ganslandt; Kristina Ihrig; Roland Jahns; Angela Merzweiler; Sybille Roschka; Björn Schreiweis; Sebastian Stäubert; Sven Zenker; Fabian Prasser,ECRIN_CM,Personal data; ,Other (background) material; ,Clinical research; Biomedical research; ,National,Germany; ,Legal basis for data sharing; ,Data about or from living humans,Real world or routine health data; Clinical research data; Data with images of humans; ,Not applicable
16,The Importance of Context: Risk-based De-identification of Biomedical Data,2016,Fabian Prasser; Florian Kohlmayer; Klaus A. Kuhn,ECRIN_CM,Personal data; ,Other (background) material; ,Any research field; ,Not applicable,Not applicable; ,Privacy protection; ,Data about or from living humans,Any type of data; ,Preparation and planning for data sharing
17,Pseudonymization for research data collection: is the juice worth the squeeze?,2019,Florian Kohlmayer; Ronald Lautenschläger; Fabian Prasser,ECRIN_CM,Personal data; ,Other (background) material; ,Any research field; ,Not applicable,Not applicable; ,Privacy protection; ,Data about or from living humans,Any type of data; ,Preparation and planning for data sharing
18,Where DICOM anonymization happens in XNAT,2021,"Neuroinformatics Research Group, Washington University School of Medicine",ECRIN_CM,Personal data; ,Support systems and tools; ,Clinical research; Biomedical research; ,Global,Worldwide; ,Data Repositories; Privacy protection; ,Data about or from living humans,Data with images of humans; ,Preparation and planning for data sharing
19,Protecting privacy using k-anonymity,2008,Khaled El Emam; Fida Kamal Dankar,ECRIN_CM,Personal data; ,Descriptions of (best) practice; ,"Clinical research; Biomedical research; Social sciences, legal or ethical research; ",Not applicable,Not applicable; ,Privacy protection; ,Data about or from living humans,Any type of data; ,Preparation and planning for data sharing
20,EUPID pseudonymisation tool,2021,Austrian Institute of Technology,ECRIN_CM,Personal data; ,Support systems and tools; ,Clinical research; Biomedical research; ,National,Austria; ,Data Repositories; Privacy protection; ,Data about or from living humans,Real world or routine health data; Clinical research data; Data with images of humans; ,Not applicable
21,Data safe haven,2021,NHS Research Scotland,ECRIN_CM,Personal data; ,Support systems and tools; ,Clinical research; ,National,United Kingdom; ,Privacy protection; ,Data about or from living humans,Real world or routine health data; ,Not applicable
22,UK anonymisation network (UKAN),2021,University of Manchester - UK anonymisation network,ECRIN_CM,Personal data; ,Support systems and tools; ,"Clinical research; Biomedical research; Social sciences, legal or ethical research; ",National,United Kingdom; ,Privacy protection; ,Data about or from living humans,Any type of data; ,Preparation and planning for data sharing
23,Edinburgh International Data Facility,2021,Edinburgh International Data Facility,ECRIN_CM,Personal data; Environmental data; ,Support systems and tools; ,Any research field; ,Not applicable,Not applicable; ,Data Repositories; ,Data about or from living humans,Any type of data; ,Not applicable
24,MyHealthMyData,2021,MyHealthMyData (MHMD),ECRIN_CM,Personal data; ,Support systems and tools; ,Clinical research; Biomedical research; ,Continental,Europe; ,Privacy protection; Research participants involvement; ,Data about or from living humans,Real world or routine health data; Clinical research data; Data with images of humans; ,Not applicable
25,Amnesia,2021,OpenAIRE-Anamnesia,ECRIN_CM,Personal data; ,Support systems and tools; ,"Clinical research; Social sciences, legal or ethical research; ",Not applicable,Not applicable; ,Privacy protection; ,Data about or from living humans,Any type of data; ,Preparation and planning for data sharing
26,BBMRI-ERIC joint comments to the Article 29 Working Party Guidelines,2018,BBMRI-ERIC: Joint comments- Article 29 WP,BBMRI_CM,Personal data; Other sensitive data; ,Other (background) material; ,"Life science - other topics; Social sciences, legal or ethical research; ",Continental,Europe; ,GDPR; Legal basis for data sharing; Research participants involvement; Privacy protection; ,Data about or from living humans,Any type of data; ,Whole cycle
27,Public consultation: Transformation Health and Care Digital Single Market,2017,BBMRI-ERIC: Public consultation,BBMRI_CM,Personal data; Other sensitive data; ,"Guidelines, recommendations and policies; Other (background) material; ",Any research field; Life science - other topics; ,Continental,Europe; ,Research participants involvement; ,Data about or from living humans,Any type of data; ,Whole cycle
28,Comments to the public consultation on the Council of Europe Recpmmendation (2006),2014,BBMRI-ERIC,BBMRI_CM,Personal data; Other sensitive data; ,"Guidelines, recommendations and policies; Other (background) material; ",Life science - other topics; ,Global,Worldwide; ,Research participants involvement; ,Data about or from living humans,Any type of data; ,Whole cycle
29,BBMRI ELSI Helpdesk,2021,BBMRI-ERIC ELSI Services and Research,BBMRI_CM,Personal data; Other sensitive data; ,Support systems and tools; ,"Clinical research; Biomedical research; Life science - other topics; Social sciences, legal or ethical research; ",Continental,Europe; ,No specific topic; ,Data about or from living humans,Any type of data; ,Whole cycle
30,Status Update Code of Conduct: Teaming up & Talking about it,2020,"CINECA project, Mayrhofer, Michaela T, Llinares Mark lloret",BBMRI_CM,Personal data; Other sensitive data; ,Other (background) material; ,Clinical research; Biomedical research; Life science - other topics; ,Global,Worldwide; ,GDPR; ,Data about or from living humans,Any type of data; ,Whole cycle
31,Ethical handling of incidental findings in research,2020,"BBMRI ERIC. ELSI Services Research, Bunnik, Elene M.",BBMRI_CM,Personal data; Other sensitive data; ,Other (background) material; ,"Social sciences, legal or ethical research; ",Global,Worldwide; ,Research participants involvement; ,Data about or from living humans,Any type of data; ,Whole cycle
32,The BBMRI ELSI Services across the Nodes and BMS RIs,2020,"Mayrhofer, Michaela T., Matser, Vera",BBMRI_CM,Personal data; Other sensitive data; ,Other (background) material; ,"Clinical research; Biomedical research; Life science - other topics; Social sciences, legal or ethical research; ",Not applicable,Not applicable; ,No specific topic; ,Data about or from living humans,Any type of data; ,Not applicable
33,"Ethical, legal and societal issues in international data sharing",2020,"CINECA - Eloise, Gennet, Goisauf  Melanie, Matser, Vera",BBMRI_CM,Personal data; Other sensitive data; ,Other (background) material; ,"Any research field; Life science - other topics; Social sciences, legal or ethical research; ",Global,Worldwide; ,Agreements; COVID-19; Data Repositories; Data sharing committees; FAIR and FAIRification; GDPR; Privacy protection; Research participants involvement; ,Data about or from living humans,Any type of data; ,Whole cycle
34,What are MTAs and DTAs?,2019,"BBMRI ERIC, Tzortzatou, Olga",BBMRI_CM,Personal data; Other sensitive data; ,Other (background) material; ,Life science - other topics; ,Global,Worldwide; ,Agreements; Privacy protection; ,Data about or from living humans,Any type of data; ,Preparation and planning for data sharing
35,BBMRI.ELSI Webinar Series - Completing the Ethics Self-Assessments for H2020 Proposals,2020,"BBMRI ERIC, Grewal, Jasjote",BBMRI_CM,Personal data; ,Other (background) material; ,Any research field; ,Continental,Europe; ,No specific topic; ,Data about or from living humans,Any type of data; ,Not applicable
36,The GDPR and Scientific Research: The Scope,2018,"BBMRI-ERIC, Chico, Victoria",BBMRI_CM,Personal data; Other sensitive data; ,Legislation and regulations; Other (background) material; ,Clinical research; Biomedical research; Life science - other topics; ,Continental,Europe; ,Privacy protection; ,Data about or from living humans,Any type of data; ,Not applicable
37,Anonymisation and Pseudonymisation under the GDPR - Why Anonymise,2018,"Schlünder, Irene",BBMRI_CM,Personal data; Other sensitive data; ,Other (background) material; ,Life science - other topics; ,Continental,Europe; ,Data Repositories; Legal basis for data sharing; Privacy protection; ,Data about or from living humans,Any type of data; ,Not applicable
38,BBMRI ELSI Knowledge Base,2021,BBMRI-ERIC ELSI Services and Research,BBMRI_CM,Personal data; Other sensitive data; ,"Legislation and regulations; Guidelines, recommendations and policies; Descriptions of (best) practice; Support systems and tools; Other (background) material; ",Any research field; ,Global,Worldwide; ,Agreements; COVID-19; Data Repositories; Data sharing committees; FAIR and FAIRification; GDPR; Legal basis for data sharing; Privacy protection; Research participants involvement; Access and Benefit-Sharing and the Nagoya protocol; Privacy protection; Research participants involvement; ,Data about or from living humans,Any type of data; ,Whole cycle
39,BBMRI-ERIC ELSI Glossary,2019,Jasjote Grewal; Michaela Th. Mayrhofer;,BBMRI_CM,Personal data; Other sensitive data; ,Other (background) material; ,Life science - other topics; ,Global,Worldwide; ,Legal basis for data sharing; Privacy protection; ,Data about or from living humans,Any type of data; ,Not applicable
40,BBMRI-ERIC ELSI Services & Research Q&A on COVID-19 & ELSI,2020,Roland Jahns; Marialuisa Lavitrano; Gauthier Chassang; Michaela Th. Mayrhofer; Melanie Goisauf; Ayodeji Adeniran; Kaya Akyüz; Mónica Cano Abadía; Sara Casati,BBMRI_CM,Personal data; Other sensitive data; ,Descriptions of (best) practice; Other (background) material; ,"Clinical research; Biomedical research; Life science - other topics; Social sciences, legal or ethical research; ",Continental,Europe; ,Agreements; COVID-19; Data Repositories; Data sharing committees; GDPR; Legal basis for data sharing; Privacy protection; Research participants involvement; Privacy protection; ,Data about or from living humans,Any type of data; ,Whole cycle
41,How-to Guide: Governance in Biobanking,2019,Melanie Goisauf; Anna Durnová; Jasjote Grewal; Michaela Mayrhofer;,BBMRI_CM,Personal data; Other sensitive data; ,Descriptions of (best) practice; Other (background) material; ,"Clinical research; Biomedical research; Life science - other topics; Social sciences, legal or ethical research; ",Continental,Europe; ,No specific topic; ,Data about or from living humans,Any type of data; ,Whole cycle
42,Sample Material Transfer Agreement,2020,Olga Tzortzatou; Santa Slokenberga; Jane Reichel;,BBMRI_CM,Personal data; Other sensitive data; ,Support systems and tools; ,Clinical research; Biomedical research; ,Global,Worldwide; ,Agreements; ,Data about or from living humans,Biobank and sample data; ,Preparation and planning for data sharing
43,Sample Data Transfer Agreement  - Outgoing for Data Transfer within the EU,2018,Santa Slokenberga; Jane Reichel; Olga Tzortzatou;,BBMRI_CM,Personal data; Other sensitive data; ,Support systems and tools; ,Clinical research; Biomedical research; ,Global,Worldwide; ,No specific topic; ,Data about or from living humans,Any type of data; ,Preparation and planning for data sharing
44,Data Transfer Guide for African States/EU Member States,2018,"Santa Skolenberga, Jane Reichel; Olga Tzortzatou;",BBMRI_CM,Personal data; Other sensitive data; ,Support systems and tools; ,Clinical research; Biomedical research; ,Global,Worldwide; ,Agreements; Privacy protection; ,Data about or from living humans,Any type of data; ,Preparation and planning for data sharing
45,Informed Consent Guide and Template for Biobank and Registry-Based Research,2018,"Santa Skolenberga , Jane Reichel; Olga Tzortzatou;",BBMRI_CM,Personal data; Other sensitive data; ,Support systems and tools; ,Clinical research; Biomedical research; ,Global,Worldwide; ,Agreements; ,Data about or from living humans,Biobank and sample data; ,Preparation and planning for data sharing
46,Sample Data and Material Transfer Agreement,2016,BBMRI-LPC,BBMRI_CM,,,,NaN,,,NaN,,NaN
47,International Charter of principles for sharing bio-specimens and data,2015,Deborah Mascalzoni; Edward S. Dove; Yaffa Rubinstein; Hugh J. S. Dawkins; Anna Kole; Pauline McCormack; Simon Woods; Olaf Riess; Franz Schaefer; Hanns Lochmüller; Bartha M. Knoppers; Mats Hansson,BBMRI_CM,Personal data; Other sensitive data; ,"Legislation and regulations; Guidelines, recommendations and policies; Support systems and tools; Other (background) material; ",Biomedical research; Life science - other topics; ,Global,Worldwide; ,No specific topic; ,Data about or from living humans,Any type of data; ,Preparation and planning for data sharing
48,The EU General Data Protection Regulation - Answers to Frequently Asked Questions - Version 2.0,2017,BBMRI-ERIC Common Service ELSI,BBMRI_CM,Personal data; Other sensitive data; ,Legislation and regulations; Other (background) material; ,Biomedical research; Life science - other topics; ,Global,Worldwide; ,GDPR; ,Data about or from living humans,Any type of data; ,Whole cycle
49,Informed Consent Matrix for Clinical Trials,2019,Cinzia Colombo; Paola Mosconi; Michaela Mayrhofer; Christine Kubiak; Serena Battaglia; Mihaela Matei; Marialuisa Lavitrano; Sara Casati; Victoria Chico; Irene Schlünder; Jan-Willem Boiten; Lygature Tamara Carapina; Oskar Uzun; Stephanie Suhr,BBMRI_CM,Personal data; Other sensitive data; ,"Guidelines, recommendations and policies; Descriptions of (best) practice; Support systems and tools; Other (background) material; ",Clinical research; Biomedical research; ,Continental,Europe; ,Research participants involvement; ,Data about or from living humans,Clinical research data; Biobank and sample data; Other specific data type; ,Preparation and planning for data sharing
50,Guide on Data Protection Practice in Research,2019,European University institute,EURO_BI_CM,Personal data; ,Legislation and regulations; ,Clinical research; ,Continental,Europe; ,Data Repositories; GDPR; Legal basis for data sharing; Privacy protection; ,Data about or from living humans,Clinical research data; Biobank and sample data; Data with images of humans; Omic and related data (from living humans); ,Managing data access and requests for data re-use
51,DataCurationNetwork/data-primers,2021,DataCurationNetwork,EURO_BI_CM,Personal data; ,Descriptions of (best) practice; Support systems and tools; ,Clinical research; ,National,United States; ,Data Repositories; FAIR and FAIRification; ,Data about or from living humans,Real world or routine health data; Clinical research data; ,Preparation and planning for data sharing
52,Medizinische Bilder über die Cloud Healthcare API de-identifizieren,2021,Cloud Architecture Center,EURO_BI_CM,Personal data; ,"Guidelines, recommendations and policies; Descriptions of (best) practice; Support systems and tools; ",Clinical research; ,National,Germany; ,Privacy protection; ,Data about or from living humans,Data with images of humans; ,Preparation and planning for data sharing
53,Analytic Imaging Diagnostics Arena (AIDA) GDPR policy 1.0,2021,Medtech4Health,EURO_BI_CM,Personal data; ,Legislation and regulations; ,Clinical research; ,National,Sweden; ,Data Repositories; Data sharing committees; GDPR; Legal basis for data sharing; ,Data about or from living humans,Data with images of humans; ,Managing data access and requests for data re-use
54,The Organization for Human Brain Mapping (OHBM),2016,"Thomas E. Nichols, Samir Das, Simon B. Eickhoff, , Alan C. Evans, Tristan Glatard, Michael Hanke, Nikolaus Kriegeskorte,, Michael P. Milham, Russell A. Poldrack, Jean ­Baptiste Poline, Erika Proal,, Bertrand Thirion, David C. Van Essen, Tonya White, B.T. Thomas Yeo - Committee on Best Practice in Data Analysis and Sharing (COBIDAS) on MRI",EURO_BI_CM,Personal data; ,"Guidelines, recommendations and policies; Descriptions of (best) practice; ",Clinical research; ,Global,Worldwide; ,Data Repositories; FAIR and FAIRification; Metadata supporting data sharing; Access and Benefit-Sharing and the Nagoya protocol; ,Data about or from living humans,Data with images of humans; ,Whole cycle
55,Medical Image Data and Datasets in the Era of Machine Learning—Whitepaper from the 2016 C-MIMI Meeting Dataset Session,2017,Marc D. Kohli; Ronald M. Summers; J. Raymond Geis,EURO_BI_CM,Personal data; ,"Guidelines, recommendations and policies; Descriptions of (best) practice; ",Clinical research; ,Global,Worldwide; ,Agreements; Data Repositories; FAIR and FAIRification; Metadata supporting data sharing; ,Data about or from living humans,Data with images of humans; ,Whole cycle
56,GIFT-Cloud: A data sharing and collaboration platform for medical imaging research,2017,Tom Doel; Dzhoshkun I. Shakir; Rosalind Pratt; Michael Aertsen; James Moggridge; Erwin Bellon; Anna L. David; Jan Deprest; Tom Vercauteren; Sébastien Ourselin,EURO_BI_CM,Personal data; ,Descriptions of (best) practice; Support systems and tools; ,Clinical research; ,National,France; ,Data Repositories; FAIR and FAIRification; ,Data about or from living humans,Data with images of humans; ,Managing data access and requests for data re-use
57,Medical Subject Headings Home page,2021,National Library of Medicine,EURO_BI_CM,Personal data; ,"Guidelines, recommendations and policies; ",Clinical research; ,Global,Worldwide; ,FAIR and FAIRification; Metadata supporting data sharing; ,Data about or from living humans,Clinical research data; Public health emergency data; ,Whole cycle
58,Preparing a collection of radiology examinations for distribution and retrieval,2015,Dina Demner-Fushman; Marc D. Kohli; Marc B. Rosenman; Sonya E. Shooshan; Laritza Rodriguez; Sameer Antani; George R. Thoma; Clement J. McDonald; ,EURO_BI_CM,Personal data; ,"Guidelines, recommendations and policies; ",Clinical research; ,National,United States; ,Data Repositories; Access and Benefit-Sharing and the Nagoya protocol; ,Data about or from living humans,Clinical research data; Data with images of humans; ,Preparation and planning for data sharing
59,What is RSNA image share validation?,2018,The Sequoia project,EURO_BI_CM,Personal data; ,"Guidelines, recommendations and policies; Support systems and tools; ",Clinical research; ,Continental,Europe; North America; ,Attribution and credit; FAIR and FAIRification; ,Data about or from living humans,Clinical research data; Data with images of humans; ,Whole cycle
60,RadLex radiology lexicon,2021,Radiological Society of North America,EURO_BI_CM,Other sensitive data; ,"Guidelines, recommendations and policies; Descriptions of (best) practice; ",Clinical research; ,Continental,North America; ,FAIR and FAIRification; Metadata supporting data sharing; ,Data about or from living humans,Data with images of humans; ,Actions at the end of a study
61,Exploring Large-scale Public Medical Image Datasets,2020,Luke Oakden-Rayner,EURO_BI_CM,Personal data; ,Support systems and tools; ,Clinical research; ,Continental,North America; ,Data Repositories; Metadata supporting data sharing; ,Data about or from living humans,Data with images of humans; ,Managing data access and requests for data re-use
62,Welcome to The Cancer Imaging Archive,2021,The Cancer Imaging Archive (TCIA),EURO_BI_CM,Personal data; ,Support systems and tools; Other (background) material; ,Clinical research; Biomedical research; ,Global,Worldwide; ,Data Repositories; ,Data about or from living humans,Clinical research data; Data with images of humans; ,Managing data access and requests for data re-use
63,GDPR Brief: How can researchers approach international data transfers under the GDPR?,2019,Global Alliance for Genomics & Health (GAGH),EATRIS_CM,Personal data; ,"Guidelines, recommendations and policies; ",Any research field; ,Country groupings,EU; ,GDPR; Legal basis for data sharing; ,Data about or from living humans,Any type of data; ,Preparation and planning for data sharing
64,Regulatory and ethics toolkit,2021,Global Alliance for Genomics & Health (GAGH),EATRIS_CM,Personal data; ,"Guidelines, recommendations and policies; ","Biomedical research; Cell biology, molecular biology, and biochemistry; ",Global,Worldwide; ,Privacy protection; ,Data about or from living humans,Real world or routine health data; Clinical research data; Omic and related data (from living humans); ,Not applicable
65,Question and Answers on the interplay between the Clinical Trials Regulation and the General Data Protection Regulation,2019,EUROPEAN COMMISSION DIRECTORATE-GENERAL FOR HEALTH AND FOOD SAFETY,EATRIS_CM,Personal data; ,"Legislation and regulations; Guidelines, recommendations and policies; ",Clinical research; ,Country groupings,EU; ,GDPR; Legal basis for data sharing; ,Data about or from living humans,Clinical research data; ,Primary data registration
66,Processing Human Genomic Data in the Cloud,2018,"Amsterdam, the Netherlands, White paper",EATRIS_CM,Personal data; ,"Guidelines, recommendations and policies; ","Biomedical research; Cell biology, molecular biology, and biochemistry; ",Country groupings,EU; ,GDPR; Privacy protection; ,Data about or from living humans,Omic and related data (from living humans); ,Not applicable
67,Generic Policy for Access to and Sharing of COVID-19 Data,2020,"health RI, Netherlands Federation of University Medical Centers",EATRIS_CM,Personal data; ,"Guidelines, recommendations and policies; ",Clinical research; Biomedical research; ,National,Netherlands; ,Data sharing committees; Legal basis for data sharing; Privacy protection; ,Data about or from living humans,Real world or routine health data; Clinical research data; ,Preparation and planning for data sharing
68,Responsible data sharing in international health research: a systematic review of principles and norms,2019,Shona Kalkman; Menno Mostert; Christoph Gerlinger; Johannes J. M. van Delden; Ghislaine J. M. W. van Thiel;,EATRIS_CM,Personal data; ,"Guidelines, recommendations and policies; ","Clinical research; Biomedical research; Social sciences, legal or ethical research; ",Global,Worldwide; ,Data sharing committees; Legal basis for data sharing; Privacy protection; ,Data about or from living humans,Any type of data; ,Not applicable
69,The BBMRI-Nl catalogue to find data and sample resources,2021,BBMRI-Nl,EATRIS_CM,Personal data; ,Support systems and tools; ,"Biomedical research; Cell biology, molecular biology, and biochemistry; ",Country groupings,EU; ,Data Repositories; Metadata supporting data sharing; ,Data about or from living humans,Biobank and sample data; ,Not applicable
70,Data Seal of Approval Synopsis (2008–2018),2021,Core Trust Seal,EATRIS_CM,Personal data; Environmental data; Proprietary  data; DURC data; Classified information; Other sensitive data; ,"Guidelines, recommendations and policies; ",Any research field; ,National,Netherlands; ,Data Repositories; Metadata supporting data sharing; ,Data about or from living humans,Any type of data; ,Actions at the end of a study
71,The Genome of the Netherlands Project: Access to Data,0,Genome of the Netherlands project,EATRIS_CM,Personal data; ,Descriptions of (best) practice; ,"Biomedical research; Cell biology, molecular biology, and biochemistry; ",National,Netherlands; ,Attribution and credit; Data Repositories; Data sharing committees; ,Data about or from living humans,Omic and related data (from living humans); ,Not applicable
72,The database of Genotypes and Phenotypes (dbGaP)  Overview,2021,The database of Genotypes and Phenotypes (dbGaP),EATRIS_CM,Personal data; ,Support systems and tools; ,"Biomedical research; Cell biology, molecular biology, and biochemistry; ",National,United States; ,Data sharing committees; ,Data about or from living humans,Omic and related data (from living humans); ,Actions at the end of a study
73,Globally Optimal k-Anonymity Method for the De-Identification of Health Data,2009,"Khaled El Emam, PhD, Fida Kamal Dankar, PhD, Romeo Issa, MS, Elizabeth Jonker, BA, Daniel Amyot, PhD, Elise Cogo, ND, Jean-Pierre Corriveau, PhD, Mark Walker, MS, MD, Sadrul Chowdhury, MS, Regis Vaillancourt, BPharm, PharmD, Tyson Roffey, BA, Jim Bottomley, BScH, MHA",EATRIS_CM,Personal data; ,Descriptions of (best) practice; ,"Clinical research; Biomedical research; Social sciences, legal or ethical research; ",Global,Worldwide; ,Privacy protection; ,Data about or from living humans,Population level health or socio-economic data; Real world or routine health data; Clinical research data; Public health emergency data; ,Preparation and planning for data sharing
74,What does the HIPAA Privacy Rule do?,2013,"US Department of Health and Human Services, Office for Civil Rights (OCR)",EATRIS_CM,Personal data; ,Legislation and regulations; ,"Clinical research; Biomedical research; Social sciences, legal or ethical research; ",National,United States; ,Privacy protection; ,Data about or from living humans,Any type of data; ,Not applicable
75,Digital health: meeting the ethical and policy challenges,2018,Effy Vayena; Tobias Haeusermann; Afua Adjekum; Alessandro Blasimme,EATRIS_CM,Personal data; ,"Guidelines, recommendations and policies; ","Clinical research; Social sciences, legal or ethical research; ",Global,Worldwide; ,Research participants involvement; ,Data about or from living humans,Population level health or socio-economic data; Real world or routine health data; ,Primary data registration
76,Dual-Use Research,2021,"National Institute of Health (NIH),  Office of Intramural Research",EATRIS_CM,DURC data; ,"Guidelines, recommendations and policies; ",Plant and mycological sciences; Microbiology; Marine/water biology; Ecology; ,National,United States; ,No specific topic; ,Data not derived from living humans,Any type of data; ,Not applicable
77,The final version of the RDA COVID-19 Recommendations and Guidelines for Data Sharing,2020,RDA COVID-19 Working Group,EATRIS_CM,Personal data; ,"Guidelines, recommendations and policies; ",Clinical research; Biomedical research; ,Global,Worldwide; ,Data sharing committees; Legal basis for data sharing; ,Data about or from living humans,Any type of data; ,Not applicable
78,Who should have access to genomic data and how should they be held accountable? Perspectives of Data Access Committee members and experts,2016,Mahsa Shabani; Adrian Thorogood; Pascal Borry,EATRIS_CM,Personal data; ,"Guidelines, recommendations and policies; ","Biomedical research; Cell biology, molecular biology, and biochemistry; ",Global,Worldwide; ,Data sharing committees; Privacy protection; ,Data about or from living humans,Omic and related data (from living humans); ,Preparation and planning for data sharing
79,General Data Protection Regulation (GDPR) Official Legal Text,2016,GDPR,EATRIS_CM,Personal data; ,Legislation and regulations; ,Any research field; ,Country groupings,EU; ,GDPR; ,Data about or from living humans,Any type of data; ,Not applicable
80,Strategy for EU institutions to comply with “Schrems II” Ruling,2020,Julia Yvonne HODDER,EATRIS_CM,Personal data; ,Legislation and regulations; ,Any research field; ,Country groupings,EU; ,GDPR; Privacy protection; ,Data about or from living humans,Any type of data; ,Not applicable
81,Rules and sanctioning policy,2021,Statistics Netherlands Statistics,EATRIS_CM,Personal data; ,Descriptions of (best) practice; ,"Clinical research; Biomedical research; Life science - other topics; Social sciences, legal or ethical research; ",National,Netherlands; ,Data Repositories; Data sharing committees; ,Data about or from living humans,Population level health or socio-economic data; Public health emergency data; ,Not applicable
82,The FAIR Guiding Principles for scientific data management and stewardship,2016,Mark D. Wilkinson; Michel Dumontier; IJsbrand Jan Aalbersberg; Gabrielle Appleton; Myles Axton; Arie Baak; Niklas Blomberg; Jan-Willem Boiten; Luiz Bonino da Silva Santos; Philip E. Bourne; Jildau Bouwman; Anthony J. Brookes; Tim Clark; Mercè Crosas; Ingrid Dillo; Olivier Dumon; Scott Edmunds; Chris T. Evelo; Richard Finkers; Alejandra Gonzalez-Beltran; Alasdair J.G. Gray; Paul Groth; Carole Goble; Jeffrey S. Grethe; Jaap Heringa; Peter A.C ’t Hoen; Rob Hooft; Tobias Kuhn; Ruben Kok; Joost Kok; Scott J. Lusher; Maryann E. Martone; Albert Mons; Abel L. Packer; Bengt Persson; Philippe Rocca-Serra; Marco Roos; Rene van Schaik; Susanna-Assunta Sansone; Erik Schultes; Thierry Sengstag; Ted Slater; George Strawn; Morris A. Swertz; Mark Thompson; Johan van der Lei; Erik van Mulligen; Jan Velterop; Andra Waagmeester; Peter Wittenburg; Katherine Wolstencroft; Jun Zhao; Barend Mons,EATRIS_CM,Personal data; Environmental data; Proprietary  data; DURC data; Classified information; Other sensitive data; ,"Guidelines, recommendations and policies; ",Any research field; ,Global,Worldwide; ,FAIR and FAIRification; ,Data about or from living humans,Any type of data; ,Whole cycle
83,XNAT - Home,2021,XNAT,EATRIS_CM,Personal data; ,Support systems and tools; ,Biomedical research; ,Global,Worldwide; ,Data Repositories; Metadata supporting data sharing; ,Data about or from living humans,Data with images of humans; ,Not applicable
84,European Genome-Phenome Archive,2021,European genome-Phenome Archive,EATRIS_CM,Personal data; ,Support systems and tools; ,"Biomedical research; Cell biology, molecular biology, and biochemistry; ",Global,Worldwide; ,Data Repositories; Data sharing committees; ,Data about or from living humans,Omic and related data (from living humans); ,Actions at the end of a study
85,Medical Imaging Resource Center (MIRC) Overview - CTP and TFS - MircWiki,2021,Medical Imaging Resource Center (MIRC),EATRIS_CM,Personal data; ,Support systems and tools; ,Clinical research; Biomedical research; ,Global,Worldwide; ,Metadata supporting data sharing; ,Data about or from living humans,Data with images of humans; ,Primary data registration
86,OBIS: Data quality control using R,2021,Ocean Biodiversity Information System (OBIS),EMBRC_CM,Other sensitive data; ,"Guidelines, recommendations and policies; Support systems and tools; ",Plant and mycological sciences; Zoology; Microbiology; Marine/water biology; Ecology; ,Global,Worldwide; ,Agreements; Data Repositories; ,Data not derived from living humans,Any type of data; Observational/interventional research; ,Preparation and planning for data sharing
87,LifeWatch-EMODnet-Biology-QC-tool,2021,LifeWatch-EMODnet,EMBRC_CM,Environmental data; Other sensitive data; ,"Guidelines, recommendations and policies; Support systems and tools; ",Marine/water biology; ,Global,Worldwide; ,Agreements; Data Repositories; ,Data not derived from living humans,Any type of data; Observational/interventional research; ,Preparation and planning for data sharing
88,Current Best Practices for Generalizing Sensitive Species Occurrence Data,2020,Arthur D. Chapman,EMBRC_CM,Other sensitive data; ,"Guidelines, recommendations and policies; ",Plant and mycological sciences; Zoology; Microbiology; Marine/water biology; Ecology; ,Global,Worldwide; ,Agreements; Legal basis for data sharing; ,Data not derived from living humans,Any type of data; Population level data; Observational/interventional research; ,Preparation and planning for data sharing
89,Guide to best practices for georeferencing.,2006,"Chapman AD, Wieczorek J 

Contributors
J.Wieczorek, R.Guralnick, A.Chapman, C.Frazier, N.Rios, R.Beaman, Q.Guo.",EMBRC_CM,Other sensitive data; ,"Guidelines, recommendations and policies; ",Plant and mycological sciences; Zoology; Microbiology; Marine/water biology; Ecology; ,Global,Worldwide; ,Agreements; ,Data not derived from living humans,Observational/interventional research; ,Preparation and planning for data sharing
90,"Principles and methods of data cleaning - primary species and species-occurrence data. Report for the Global Biodiversity Information Facility. GBIF, Copenhagen",2005,Chapman AD,EMBRC_CM,Other sensitive data; ,"Guidelines, recommendations and policies; ",Plant and mycological sciences; Zoology; Microbiology; Marine/water biology; Ecology; ,Global,Worldwide; ,Agreements; Data Repositories; ,Data not derived from living humans,Observational/interventional research; Omics and related data; Other specific data type; ,Preparation and planning for data sharing
91,EMBRC ABS handbook - genetic resources,2020,"Anne-Emmanuelle Kervella, Heidi Tillin",EMBRC_CM,Other sensitive data; ,"Guidelines, recommendations and policies; ",Marine/water biology; ,Global,Worldwide; ,Legal basis for data sharing; ,Data not derived from living humans,Omics and related data; ,Preparation and planning for data sharing
92,EMBRC ABS handbook - MAF,2020,"Anne-Emmanuelle Kervella, Heidi Tillin",EMBRC_CM,Other sensitive data; ,"Guidelines, recommendations and policies; ",Marine/water biology; ,Global,Worldwide; ,Agreements; Legal basis for data sharing; ,Data not derived from living humans,Any type of data; ,Whole cycle
93,EMBRC ABS handbook - sample terms,2020,"Anne-Emmanuelle Kervella, Heidi Tillin",EMBRC_CM,Other sensitive data; ,"Guidelines, recommendations and policies; ",Marine/water biology; ,Global,Worldwide; ,Agreements; ,Data not derived from living humans,Any type of data; ,Preparation and planning for data sharing
94,APPENDIX: I Environmental Data Quality - b. Data Cleaning Tools,2004,Chapman AD,EMBRC_CM,Other sensitive data; ,Descriptions of (best) practice; ,Environmental sciences; ,Global,Worldwide; ,Legal basis for data sharing; ,Data not derived from living humans,Any type of data; Observational/interventional research; ,Preparation and planning for data sharing
95,EMBRC ABS handbook - MTA,2020,"Anne-Emmanuelle Kervella, Heidi Tillin",EMBRC_CM,Other sensitive data; ,"Guidelines, recommendations and policies; ",Marine/water biology; ,Continental,Europe; ,Legal basis for data sharing; ,Data not derived from living humans,Any type of data; ,Whole cycle
96,EMBRC ABS handbook - institutions,2020,"Anne-Emmanuelle Kervella, Heidi Tillin",EMBRC_CM,Other sensitive data; ,"Guidelines, recommendations and policies; ",Marine/water biology; ,Continental,Europe; ,Legal basis for data sharing; ,Data not derived from living humans,Any type of data; ,Whole cycle
97,EMBRC ABS handbook institutions - users,2020,"Anne-Emmanuelle Kervella, Heidi Tillin",EMBRC_CM,Other sensitive data; ,"Guidelines, recommendations and policies; ",Marine/water biology; ,Continental,Europe; ,Agreements; Legal basis for data sharing; ,Data not derived from living humans,Any type of data; ,Whole cycle
98,On the Dual Uses of Science and Ethics,2013,Michael J. Selgelid; Brian Rappert,ERINHA_CM,DURC data; ,"Guidelines, recommendations and policies; Other (background) material; ","Any research field; Social sciences, legal or ethical research; ",Global,Worldwide; ,No specific topic; ,Data about or from living humans,Any type of data; ,Not applicable
99,Ethical and Philosophical Consideration of the Dual-Use Dilemma in the Biological Sciences,2008,"Seumas Miller, Michael J. Selgelid",ERINHA_CM,DURC data; ,Other (background) material; ,"Social sciences, legal or ethical research; ",Not applicable,Not applicable; ,No specific topic; ,Data about or from living humans,Any type of data; ,Preparation and planning for data sharing
100,The NSABB’s proposed framework for the oversight of dual-use research,2010,National Center for Biotechnology Information; U. S. National Library of Medicine 8600 Rockville Pike; Bethesda MD; 20894 Usa; ,ERINHA_CM,DURC data; ,"Legislation and regulations; Guidelines, recommendations and policies; ",Any research field; ,National,United States; ,No specific topic; ,Data not derived from living humans,Any type of data; ,Preparation and planning for data sharing
101,Preventing Biological Weapon Development Through the Governance of Life Science Research,2012,Gerald L. Epstein,ERINHA_CM,DURC data; ,"Legislation and regulations; Guidelines, recommendations and policies; ","Cell biology, molecular biology, and biochemistry; Microbiology; Life science - other topics; ",Global,Worldwide; ,Data Repositories; Data sharing committees; Legal basis for data sharing; ,Data not derived from living humans,Any type of data; ,Preparation and planning for data sharing
102,Dual use issues in research – A subject of increasing concern?,2017,Trevor W. Drew; Uwe Ulex Mueller-Doblies; ,ERINHA_CM,DURC data; ,"Guidelines, recommendations and policies; Descriptions of (best) practice; ",Any research field; ,Not applicable,Not applicable; ,No specific topic; ,Data not derived from living humans,Any type of data; ,Managing data access and requests for data re-use
103,"Issues and obstacles to the sharing of sensitive data in Europe, who are the stakeholders and what are their responsibilities ?",2020,Romain David; Audrey Richard; Diana Stepanyann; Krista Versteeg; Jonathan Mineau-Cesari; Michel-Yves Mistou; Laurence Mabile; Hervé Raoul,ERINHA_CM,Personal data; Environmental data; Proprietary  data; DURC data; Classified information; Other sensitive data; ,"Guidelines, recommendations and policies; Descriptions of (best) practice; ",Any research field; ,Global,Worldwide; ,Attribution and credit; Data sharing committees; FAIR and FAIRification; GDPR; IP-aspects/licences; Legal basis for data sharing; Metadata supporting data sharing; Privacy protection; Research participants involvement; Privacy protection; ,Data about or from living humans,Any type of data; ,Managing data access and requests for data re-use
104,Current Best Practices for Generalizing Sensitive Species Occurrence Data,2020,Arthur Chapman,ERINHA_CM,Environmental data; ,Descriptions of (best) practice; ,Plant and mycological sciences; Zoology; Marine/water biology; Ecology; ,Global,Worldwide; ,Data Repositories; Legal basis for data sharing; Metadata supporting data sharing; ,Data not derived from living humans,Any type of data; Observational/interventional research; ,Managing data access and requests for data re-use
105,EUR-Lex - 02009R0428-20191231 - EN - EUR-Lex,2009,"Official Journal of the European Union, Council Regulation (EC) No 428/2009",ERINHA_CM,DURC data; ,Legislation and regulations; ,Any research field; ,Continental,Europe; ,Agreements; ,Data not derived from living humans,Any type of data; Real world; Public health emergency data; Biobank and sample data; ,Not applicable
106,Biosecurity Challenges of the Global Expansion of High-Containment Biological Laboratories,2011,Committee on Anticipating Biosecurity Challenges of the Global Expansion of High-Containment Biological Laboratories; National Academy of Sciences; National Research Council; ,ERINHA_CM,DURC data; Classified information; ,"Guidelines, recommendations and policies; Support systems and tools; Other (background) material; ","Biomedical research; Cell biology, molecular biology, and biochemistry; Microbiology; ",Global,Worldwide; ,Agreements; COVID-19; Legal basis for data sharing; ,Data not derived from living humans,Public health emergency data; Biobank and sample data; Omics and related data; Other specific data type; ,Whole cycle
107,Data sharing and dual-use issues,2013,Louise Bezuidenhout,ERINHA_CM,Personal data; DURC data; ,Legislation and regulations; Descriptions of (best) practice; ,Any research field; ,Not applicable,Not applicable; ,Data sharing committees; GDPR; Legal basis for data sharing; Metadata supporting data sharing; Privacy protection; Privacy protection; ,Data not derived from living humans,Any type of data; Real world; ,Not applicable
108,"Guide to the detection, management and communication of incidental findings for biobanks in BBMRI-NL",2017,"Aarts N, Bunnik EM, Boeckhout M",BBMRI_CM,Personal data; Other sensitive data; ,"Guidelines, recommendations and policies; Descriptions of (best) practice; ",Biomedical research; ,Continental,Europe; ,Research participants involvement; Research participants involvement; ,Data about or from living humans,Clinical research data; Biobank and sample data; Data with images of humans; Omic and related data (from living humans); ,Whole cycle
109,Template - Data Sharing Agreement,2020,Netherlands by academic (NFU),EATRIS_CM,Personal data; ,"Guidelines, recommendations and policies; ",Clinical research; Biomedical research; ,National,Netherlands; ,Agreements; GDPR; ,Data about or from living humans,Any type of data; ,Preparation and planning for data sharing
110,"Guidance on Privacy Impact Assessment in health and social care, Version 2.0",2017,Health Information and Quality Authority,EATRIS_CM,Personal data; ,"Guidelines, recommendations and policies; ",Biomedical research; ,Country groupings,EU; ,GDPR; Privacy protection; ,Data about or from living humans,Real world or routine health data; ,Not applicable
